{
  "0": {
    "mean_shift": 0.0024739286242142916,
    "std_ratio": 0.05669024782282665,
    "prefill_mean_avg": -0.0019772796630859375,
    "prefill_std_avg": 0.551923828125,
    "decode_mean_avg": 0.0004966489611283543,
    "decode_std_avg": 0.03128869916263191,
    "num_samples": 500
  },
  "1": {
    "mean_shift": 0.0022788893826356056,
    "std_ratio": 0.03094104731352163,
    "prefill_mean_avg": -0.0015770100355148315,
    "prefill_std_avg": 1.4565078125,
    "decode_mean_avg": 0.0007018793471207739,
    "decode_std_avg": 0.04506587744848686,
    "num_samples": 500
  },
  "2": {
    "mean_shift": 0.001904243418827097,
    "std_ratio": 0.04273508625783777,
    "prefill_mean_avg": -0.001083059549331665,
    "prefill_std_avg": 1.45736328125,
    "decode_mean_avg": 0.0008211838694954322,
    "decode_std_avg": 0.0622805459605751,
    "num_samples": 500
  },
  "3": {
    "mean_shift": 0.0018355199746511802,
    "std_ratio": 0.057498248476414195,
    "prefill_mean_avg": -0.0005261427164077758,
    "prefill_std_avg": 1.455513671875,
    "decode_mean_avg": 0.0013093772582434043,
    "decode_std_avg": 0.08368948734126923,
    "num_samples": 500
  },
  "4": {
    "mean_shift": 0.0019289298084463188,
    "std_ratio": 0.07387099952504114,
    "prefill_mean_avg": -2.525472640991211e-05,
    "prefill_std_avg": 1.458583984375,
    "decode_mean_avg": 0.0019036750820364066,
    "decode_std_avg": 0.10774705755570822,
    "num_samples": 500
  },
  "5": {
    "mean_shift": 0.0014925675807669224,
    "std_ratio": 0.08889505024198804,
    "prefill_mean_avg": 0.00045190823078155516,
    "prefill_std_avg": 1.4556875,
    "decode_mean_avg": 0.0019444758115484775,
    "decode_std_avg": 0.12940341433808447,
    "num_samples": 500
  },
  "6": {
    "mean_shift": 0.00143326155337991,
    "std_ratio": 0.1064691808001371,
    "prefill_mean_avg": 0.0009029606580734252,
    "prefill_std_avg": 1.4532578125,
    "decode_mean_avg": 0.002336222211453335,
    "decode_std_avg": 0.15472716985296606,
    "num_samples": 500
  },
  "7": {
    "mean_shift": 0.002080522850252816,
    "std_ratio": 0.12335266730493727,
    "prefill_mean_avg": 0.0009573509693145752,
    "prefill_std_avg": 1.452068359375,
    "decode_mean_avg": 0.0030378738195673913,
    "decode_std_avg": 0.17911650647153712,
    "num_samples": 500
  },
  "8": {
    "mean_shift": 0.0023646139663078365,
    "std_ratio": 0.14331055748042673,
    "prefill_mean_avg": 0.0006683300733566285,
    "prefill_std_avg": 1.451595703125,
    "decode_mean_avg": 0.003032944039664465,
    "decode_std_avg": 0.20802899088414134,
    "num_samples": 500
  },
  "9": {
    "mean_shift": 0.0032376176998294027,
    "std_ratio": 0.1614604813100165,
    "prefill_mean_avg": 0.0003760554790496826,
    "prefill_std_avg": 1.452251953125,
    "decode_mean_avg": 0.003613673178879085,
    "decode_std_avg": 0.23448130094957884,
    "num_samples": 500
  },
  "10": {
    "mean_shift": 0.003141031149747931,
    "std_ratio": 0.18140896068732182,
    "prefill_mean_avg": 0.0003976625204086304,
    "prefill_std_avg": 1.455796875,
    "decode_mean_avg": 0.003538693670156561,
    "decode_std_avg": 0.2640945998796906,
    "num_samples": 500
  },
  "11": {
    "mean_shift": 0.003290159449775705,
    "std_ratio": 0.20238719539513605,
    "prefill_mean_avg": 0.00051324462890625,
    "prefill_std_avg": 1.457193359375,
    "decode_mean_avg": 0.003803404078681955,
    "decode_std_avg": 0.29491727917619476,
    "num_samples": 500
  },
  "12": {
    "mean_shift": 0.0026757673846235595,
    "std_ratio": 0.22137367243265096,
    "prefill_mean_avg": 0.0008606202602386475,
    "prefill_std_avg": 1.4598671875,
    "decode_mean_avg": 0.003536387644862207,
    "decode_std_avg": 0.32317616277453715,
    "num_samples": 500
  },
  "13": {
    "mean_shift": 0.0013759618499350093,
    "std_ratio": 0.25335292992164066,
    "prefill_mean_avg": 0.001592413067817688,
    "prefill_std_avg": 1.46624609375,
    "decode_mean_avg": 0.0029683749177526974,
    "decode_std_avg": 0.37147774637125236,
    "num_samples": 500
  },
  "14": {
    "mean_shift": 0.0007315782730813419,
    "std_ratio": 0.280584597545834,
    "prefill_mean_avg": 0.0025395212173461913,
    "prefill_std_avg": 1.469556640625,
    "decode_mean_avg": 0.003271099490427533,
    "decode_std_avg": 0.41233496138641934,
    "num_samples": 500
  },
  "15": {
    "mean_shift": 9.711197119954872e-05,
    "std_ratio": 0.3191113375151817,
    "prefill_mean_avg": 0.003198324203491211,
    "prefill_std_avg": 1.48131640625,
    "decode_mean_avg": 0.00329543617469076,
    "decode_std_avg": 0.47270486287273317,
    "num_samples": 500
  },
  "16": {
    "mean_shift": -0.000598832421381203,
    "std_ratio": 0.376055679158837,
    "prefill_mean_avg": 0.004579605102539063,
    "prefill_std_avg": 1.4982109375,
    "decode_mean_avg": 0.00398077268115786,
    "decode_std_avg": 0.563410735385317,
    "num_samples": 500
  },
  "17": {
    "mean_shift": -0.0002762614381800997,
    "std_ratio": 0.4207464374143514,
    "prefill_mean_avg": 0.0050521125793457035,
    "prefill_std_avg": 1.51015234375,
    "decode_mean_avg": 0.004775851141165604,
    "decode_std_avg": 0.6353912227932098,
    "num_samples": 500
  },
  "18": {
    "mean_shift": -0.00032411815583564384,
    "std_ratio": 0.47606943157293824,
    "prefill_mean_avg": 0.006878971099853515,
    "prefill_std_avg": 1.532021484375,
    "decode_mean_avg": 0.006554852944017872,
    "decode_std_avg": 0.7293486019846296,
    "num_samples": 500
  },
  "19": {
    "mean_shift": -0.0024657555004541955,
    "std_ratio": 0.5259677689718231,
    "prefill_mean_avg": 0.008316452026367188,
    "prefill_std_avg": 1.555017578125,
    "decode_mean_avg": 0.005850696525912993,
    "decode_std_avg": 0.8178891315380514,
    "num_samples": 500
  },
  "20": {
    "mean_shift": -0.002065891552884054,
    "std_ratio": 0.5857863249154017,
    "prefill_mean_avg": 0.009802444458007813,
    "prefill_std_avg": 1.5843828125,
    "decode_mean_avg": 0.007736552905123759,
    "decode_std_avg": 0.9281097908513662,
    "num_samples": 500
  },
  "21": {
    "mean_shift": -0.0032918978101518876,
    "std_ratio": 0.6370742165624276,
    "prefill_mean_avg": 0.010724708557128907,
    "prefill_std_avg": 1.606630859375,
    "decode_mean_avg": 0.007432810746977019,
    "decode_std_avg": 1.02354310241209,
    "num_samples": 500
  },
  "22": {
    "mean_shift": -0.0019137697658335468,
    "std_ratio": 0.6940379669394997,
    "prefill_mean_avg": 0.012368759155273438,
    "prefill_std_avg": 1.6496796875,
    "decode_mean_avg": 0.010454989389439891,
    "decode_std_avg": 1.1449403433542689,
    "num_samples": 500
  },
  "23": {
    "mean_shift": -0.00222946867821088,
    "std_ratio": 0.7311117963313825,
    "prefill_mean_avg": 0.014193695068359375,
    "prefill_std_avg": 1.67733203125,
    "decode_mean_avg": 0.011964226390148495,
    "decode_std_avg": 1.226317241722472,
    "num_samples": 500
  },
  "24": {
    "mean_shift": -0.001697635586780457,
    "std_ratio": 0.7806218048603757,
    "prefill_mean_avg": 0.018122406005859376,
    "prefill_std_avg": 1.728095703125,
    "decode_mean_avg": 0.01642477041907892,
    "decode_std_avg": 1.3489891945511154,
    "num_samples": 500
  },
  "25": {
    "mean_shift": -0.001418451302850468,
    "std_ratio": 0.8097766135311754,
    "prefill_mean_avg": 0.018001708984375,
    "prefill_std_avg": 1.747927734375,
    "decode_mean_avg": 0.016583257681524532,
    "decode_std_avg": 1.4154310095371734,
    "num_samples": 500
  },
  "26": {
    "mean_shift": 4.23232622602486e-05,
    "std_ratio": 0.8627368393381527,
    "prefill_mean_avg": 0.018978759765625,
    "prefill_std_avg": 1.81751953125,
    "decode_mean_avg": 0.019021083027885247,
    "decode_std_avg": 1.5680410644533542,
    "num_samples": 500
  },
  "27": {
    "mean_shift": -0.0008749702099210659,
    "std_ratio": 0.8984110623264329,
    "prefill_mean_avg": 0.01968914794921875,
    "prefill_std_avg": 1.85780859375,
    "decode_mean_avg": 0.018814177739297683,