{
  "0": {
    "mean_shift": -0.0025937195122241975,
    "std_ratio": 1.5383185899451612,
    "prefill_mean_avg": 0.0017925529479980468,
    "prefill_std_avg": 0.1654775390625,
    "decode_mean_avg": -0.0008011665642261505,
    "decode_std_avg": 0.25455718994140625,
    "num_samples": 1000
  },
  "1": {
    "mean_shift": -0.01051728257536888,
    "std_ratio": 2.9112243310080346,
    "prefill_mean_avg": -0.00452508544921875,
    "prefill_std_avg": 0.260216796875,
    "decode_mean_avg": -0.015042368024587631,
    "decode_std_avg": 0.7575494995117188,
    "num_samples": 1000
  },
  "2": {
    "mean_shift": -0.006802712440490723,
    "std_ratio": 2.7834919038040953,
    "prefill_mean_avg": -0.0030521240234375,
    "prefill_std_avg": 0.258880859375,
    "decode_mean_avg": -0.009854836463928223,
    "decode_std_avg": 0.7205928039550781,
    "num_samples": 1000
  },
  "3": {
    "mean_shift": -0.683397463798523,
    "std_ratio": 37.46282672316005,
    "prefill_mean_avg": -0.00617828369140625,
    "prefill_std_avg": 1.634375,
    "decode_mean_avg": -0.6895757474899292,
    "decode_std_avg": 61.22830780029297,
    "num_samples": 1000
  },
  "4": {
    "mean_shift": -0.8179568767547608,
    "std_ratio": 36.69395735715173,
    "prefill_mean_avg": -0.009068389892578126,
    "prefill_std_avg": 1.8727265625,
    "decode_mean_avg": -0.8270252666473389,
    "decode_std_avg": 68.71774899291992,
    "num_samples": 1000
  },
  "5": {
    "mean_shift": -0.8407618556022645,
    "std_ratio": 32.94864614070279,
    "prefill_mean_avg": -0.017560546875,
    "prefill_std_avg": 2.1277109375,
    "decode_mean_avg": -0.8583224024772644,
    "decode_std_avg": 70.10519509887695,
    "num_samples": 1000
  },
  "6": {
    "mean_shift": -0.86857040309906,
    "std_ratio": 30.307878168696355,
    "prefill_mean_avg": -0.02606988525390625,
    "prefill_std_avg": 2.358859375,
    "decode_mean_avg": -0.8946402883529663,
    "decode_std_avg": 71.49202285766602,
    "num_samples": 1000
  },
  "7": {
    "mean_shift": -0.8925245406627654,
    "std_ratio": 28.86651564932842,
    "prefill_mean_avg": -0.03118255615234375,
    "prefill_std_avg": 2.5050625,
    "decode_mean_avg": -0.9237070968151092,
    "decode_std_avg": 72.31242614746094,
    "num_samples": 1000
  },
  "8": {
    "mean_shift": -0.8997883198261261,
    "std_ratio": 28.024335307583332,
    "prefill_mean_avg": -0.033528564453125,
    "prefill_std_avg": 2.5998125,
    "decode_mean_avg": -0.9333168842792511,
    "decode_std_avg": 72.85801751708985,
    "num_samples": 1000
  },
  "9": {
    "mean_shift": -0.9320845519378781,
    "std_ratio": 27.609951082209083,
    "prefill_mean_avg": -0.030525390625,
    "prefill_std_avg": 2.675890625,
    "decode_mean_avg": -0.9626099425628781,
    "decode_std_avg": 73.8812095336914,
    "num_samples": 1000
  },
  "10": {
    "mean_shift": -0.9417239327430725,
    "std_ratio": 27.549243105699883,
    "prefill_mean_avg": -0.0297457275390625,
    "prefill_std_avg": 2.700671875,
    "decode_mean_avg": -0.971469660282135,
    "decode_std_avg": 74.40146630859375,
    "num_samples": 1000
  },
  "11": {
    "mean_shift": -0.9650911897290498,
    "std_ratio": 25.415800401559355,
    "prefill_mean_avg": -0.0358250732421875,
    "prefill_std_avg": 2.9488125,
    "decode_mean_avg": -1.0009162629712374,
    "decode_std_avg": 74.94643017578124,
    "num_samples": 1000
  },
  "12": {
    "mean_shift": -0.9885314948046579,
    "std_ratio": 23.83098399740626,
    "prefill_mean_avg": -0.0411209716796875,
    "prefill_std_avg": 3.19025,
    "decode_mean_avg": -1.0296524664843454,
    "decode_std_avg": 76.02679693603515,
    "num_samples": 1000
  },
  "13": {
    "mean_shift": -0.9991087773359613,
    "std_ratio": 23.067801206748292,
    "prefill_mean_avg": -0.04243804931640625,
    "prefill_std_avg": 3.319375,
    "decode_mean_avg": -1.0415468266523675,
    "decode_std_avg": 76.57068286132812,
    "num_samples": 1000
  },
  "14": {
    "mean_shift": -1.0013067406415939,
    "std_ratio": 23.062747821234712,
    "prefill_mean_avg": -0.03921463012695312,
    "prefill_std_avg": 3.32025,
    "decode_mean_avg": -1.040521370768547,
    "decode_std_avg": 76.57408868408203,
    "num_samples": 1000
  },
  "15": {
    "mean_shift": -1.0084138808846472,
    "std_ratio": 22.922948001476396,
    "prefill_mean_avg": -0.03852389526367188,
    "prefill_std_avg": 3.363484375,
    "decode_mean_avg": -1.0469377761483192,
    "decode_std_avg": 77.10097766113282,
    "num_samples": 1000
  },
  "16": {
    "mean_shift": -1.007642961293459,
    "std_ratio": 22.932448807793406,
    "prefill_mean_avg": -0.03880447387695313,
    "prefill_std_avg": 3.36178125,
    "decode_mean_avg": -1.046447435170412,
    "decode_std_avg": 77.09387664794922,
    "num_samples": 1000
  },
  "17": {
    "mean_shift": -1.0092307454422116,
    "std_ratio": 23.00445088120362,
    "prefill_mean_avg": -0.0385838623046875,
    "prefill_std_avg": 3.3515,
    "decode_mean_avg": -1.047814607746899,
    "decode_std_avg": 77.09941735839844,
    "num_samples": 1000
  },
  "18": {
    "mean_shift": -1.002621047720313,
    "std_ratio": 22.993859471964523,
    "prefill_mean_avg": -0.03632394409179687,
    "prefill_std_avg": 3.3541875,
    "decode_mean_avg": -1.0389449918121099,
    "decode_std_avg": 77.1257162475586,
    "num_samples": 1000
  },
  "19": {
    "mean_shift": -1.0042810400724411,
    "std_ratio": 23.379778836702492,
    "prefill_mean_avg": -0.0319573974609375,
    "prefill_std_avg": 3.30096875,
    "decode_mean_avg": -1.0362384375333786,
    "decode_std_avg": 77.17591955566407,
    "num_samples": 1000
  },
  "20": {
    "mean_shift": -1.0128177646994592,
    "std_ratio": 27.63404021158395,
    "prefill_mean_avg": -0.0164771728515625,
    "prefill_std_avg": 2.775140625,
    "decode_mean_avg": -1.0292949375510216,
    "decode_std_avg": 76.68834790039062,
    "num_samples": 1000
  },
  "21": {
    "mean_shift": -1.0085115799307822,
    "std_ratio": 26.926466082512754,
    "prefill_mean_avg": -0.013770477294921875,
    "prefill_std_avg": 2.853453125,
    "decode_mean_avg": -1.022282057225704,
    "decode_std_avg": 76.83340905761719,
    "num_samples": 1000
  },
  "22": {
    "mean_shift": -0.9879270381331443,
    "std_ratio": 25.60926877447068,
    "prefill_mean_avg": -0.02570068359375,
    "prefill_std_avg": 3.00746875,
    "decode_mean_avg": -1.0136277217268943,
    "decode_std_avg": 77.01907580566406,
    "num_samples": 1000
  },
  "23": {
    "mean_shift": -0.9706735369637608,
    "std_ratio": 23.801834285851353,
    "prefill_mean_avg": -0.013359121322631836,
    "prefill_std_avg": 3.22090625,
    "decode_mean_avg": -0.9840326582863926,
    "decode_std_avg": 76.66347705078125,
    "num_samples": 1000
  },
  "24": {
    "mean_shift": -0.9270311301350593,
    "std_ratio": 21.375018575285683,
    "prefill_mean_avg": -0.0332474365234375,
    "prefill_std_avg": 3.550328125,
    "decode_mean_avg": -0.9602785666584969,
    "decode_std_avg": 75.88832983398437,
    "num_samples": 1000
  },
  "25": {
    "mean_shift": -0.8860151086761616,
    "std_ratio": 18.382011532416474,
    "prefill_mean_avg": -0.027483978271484376,
    "prefill_std_avg": 4.083578125,
    "decode_mean_avg": -0.913499086947646,
    "decode_std_avg": 75.06438037109375,
    "num_samples": 1000
  },
  "26": {
    "mean_shift": -0.4865499116331339,
    "std_ratio": 8.34554818303024,
    "prefill_mean_avg": -0.0321002197265625,
    "prefill_std_avg": 4.30375,
    "decode_mean_avg": -0.5186501313596964,
    "decode_std_avg": 35.91715307617188,
    "num_samples": 1000
  },
  "27": {
    "mean_shift": -0.06267709255218507,
    "std_ratio": 0.773280216173873,
    "prefill_mean_avg": 0.051884765625,
    "prefill_std_avg": 4.5605,
    "decode_mean_avg": -0.01079232692718506,
    "decode_std_avg": 3.52654443359375,
    "num_samples": 1000
  }
}