{
  "0": {
    "mean_shift": 0.004342291020417418,
    "std_ratio": 0.062497154577062695,
    "prefill_mean_avg": -0.0039195060729980465,
    "prefill_std_avg": 0.49125634765625,
    "decode_mean_avg": 0.00042278494741937147,
    "decode_std_avg": 0.030702124521407453,
    "num_samples": 500
  },
  "1": {
    "mean_shift": 0.004120880113728421,
    "std_ratio": 0.03138408601246039,
    "prefill_mean_avg": -0.003472789764404297,
    "prefill_std_avg": 1.435703125,
    "decode_mean_avg": 0.0006480903493241244,
    "decode_std_avg": 0.04505823067719904,
    "num_samples": 500
  },
  "2": {
    "mean_shift": 0.0035870573851692978,
    "std_ratio": 0.043564545165784806,
    "prefill_mean_avg": -0.0028255977630615233,
    "prefill_std_avg": 1.43652734375,
    "decode_mean_avg": 0.0007614596221077744,
    "decode_std_avg": 0.0625816607843272,
    "num_samples": 500
  },
  "3": {
    "mean_shift": 0.003119822892857239,
    "std_ratio": 0.05915054823680285,
    "prefill_mean_avg": -0.0020368099212646484,
    "prefill_std_avg": 1.43469140625,
    "decode_mean_avg": 0.0010830129715925906,
    "decode_std_avg": 0.08486278382182262,
    "num_samples": 500
  },
  "4": {
    "mean_shift": 0.002883302834624013,
    "std_ratio": 0.07663646372228074,
    "prefill_mean_avg": -0.001439922571182251,
    "prefill_std_avg": 1.4379140625,
    "decode_mean_avg": 0.001443380263441762,
    "decode_std_avg": 0.1101966496529032,
    "num_samples": 500
  },
  "5": {
    "mean_shift": 0.002571192542043227,
    "std_ratio": 0.09455440833268884,
    "prefill_mean_avg": -0.0011576327085494995,
    "prefill_std_avg": 1.434869140625,
    "decode_mean_avg": 0.0014135598334937276,
    "decode_std_avg": 0.13567320357217466,
    "num_samples": 500
  },
  "6": {
    "mean_shift": 0.0028725711180968465,
    "std_ratio": 0.1121707672550117,
    "prefill_mean_avg": -0.0010078508853912354,
    "prefill_std_avg": 1.432146484375,
    "decode_mean_avg": 0.0018647202327056113,
    "decode_std_avg": 0.16064497109561904,
    "num_samples": 500
  },
  "7": {
    "mean_shift": 0.0034359667628709196,
    "std_ratio": 0.1295950755419981,
    "prefill_mean_avg": -0.0012535098791122436,
    "prefill_std_avg": 1.4311796875,
    "decode_mean_avg": 0.002182456883758676,
    "decode_std_avg": 0.18547384101168646,
    "num_samples": 500
  },
  "8": {
    "mean_shift": 0.003835495430658584,
    "std_ratio": 0.1494898956374116,
    "prefill_mean_avg": -0.0013901323080062866,
    "prefill_std_avg": 1.431,
    "decode_mean_avg": 0.0024453631226522975,
    "decode_std_avg": 0.21392004215203494,
    "num_samples": 500
  },
  "9": {
    "mean_shift": 0.004999806399482533,
    "std_ratio": 0.16782078864514852,
    "prefill_mean_avg": -0.001197161912918091,
    "prefill_std_avg": 1.431966796875,
    "decode_mean_avg": 0.0038026444865644415,
    "decode_std_avg": 0.2403137988434376,
    "num_samples": 500
  },
  "10": {
    "mean_shift": 0.005014389266338362,
    "std_ratio": 0.18824321401180474,
    "prefill_mean_avg": -0.0009837604761123657,
    "prefill_std_avg": 1.4359375,
    "decode_mean_avg": 0.004030628790225996,
    "decode_std_avg": 0.27030549200250803,
    "num_samples": 500
  },
  "11": {
    "mean_shift": 0.005196384708570927,
    "std_ratio": 0.20761039848493096,
    "prefill_mean_avg": -0.00045129811763763427,
    "prefill_std_avg": 1.43719921875,
    "decode_mean_avg": 0.004745086590933293,
    "decode_std_avg": 0.2983775045830229,
    "num_samples": 500
  },
  "12": {
    "mean_shift": 0.004311507935763767,
    "std_ratio": 0.22761786962643213,
    "prefill_mean_avg": -0.00014446282386779786,
    "prefill_std_avg": 1.43972265625,
    "decode_mean_avg": 0.004167045111895969,
    "decode_std_avg": 0.32770660614471175,
    "num_samples": 500
  },
  "13": {
    "mean_shift": 0.0038255730073236557,
    "std_ratio": 0.26112411104117117,
    "prefill_mean_avg": 0.0003163232803344727,
    "prefill_std_avg": 1.445693359375,
    "decode_mean_avg": 0.004141896287658128,
    "decode_std_avg": 0.3775053959161624,
    "num_samples": 500
  },
  "14": {
    "mean_shift": 0.004103203595291035,
    "std_ratio": 0.2827350327637622,
    "prefill_mean_avg": 0.00040808308124542234,
    "prefill_std_avg": 1.448458984375,
    "decode_mean_avg": 0.004511286676536458,
    "decode_std_avg": 0.4095301012315817,
    "num_samples": 500
  },
  "15": {
    "mean_shift": 0.0030792267712857063,
    "std_ratio": 0.3251735603570531,
    "prefill_mean_avg": 0.0011774036884307862,
    "prefill_std_avg": 1.459796875,
    "decode_mean_avg": 0.004256630459716492,
    "decode_std_avg": 0.4746873504935856,
    "num_samples": 500
  },
  "16": {
    "mean_shift": 0.0015863409305299642,
    "std_ratio": 0.3862399173221684,
    "prefill_mean_avg": 0.002548219084739685,
    "prefill_std_avg": 1.475421875,
    "decode_mean_avg": 0.004134560015269649,
    "decode_std_avg": 0.5698668268777178,
    "num_samples": 500
  },
  "17": {
    "mean_shift": 0.0035685452322632085,
    "std_ratio": 0.4327694348482884,
    "prefill_mean_avg": 0.002591689109802246,
    "prefill_std_avg": 1.48424609375,
    "decode_mean_avg": 0.006160234342065455,
    "decode_std_avg": 0.6423363474956615,
    "num_samples": 500
  },
  "18": {
    "mean_shift": 0.004500192755988014,
    "std_ratio": 0.49434489965514805,
    "prefill_mean_avg": 0.004215097427368164,
    "prefill_std_avg": 1.502134765625,
    "decode_mean_avg": 0.008715290183356178,
    "decode_std_avg": 0.7425726649248489,
    "num_samples": 500
  },
  "19": {
    "mean_shift": 0.004379515170071676,
    "std_ratio": 0.5562549326185845,
    "prefill_mean_avg": 0.00592620849609375,
    "prefill_std_avg": 1.52231640625,
    "decode_mean_avg": 0.010305723666165426,
    "decode_std_avg": 0.8467960155453088,
    "num_samples": 500
  },
  "20": {
    "mean_shift": 0.004689973619404632,
    "std_ratio": 0.6281028530708691,
    "prefill_mean_avg": 0.006357702255249023,
    "prefill_std_avg": 1.545638671875,
    "decode_mean_avg": 0.011047675874653655,
    "decode_std_avg": 0.9708200659023849,
    "num_samples": 500
  },
  "21": {
    "mean_shift": 0.0030275368343130934,
    "std_ratio": 0.6859022984638431,
    "prefill_mean_avg": 0.007316044807434082,
    "prefill_std_avg": 1.563029296875,
    "decode_mean_avg": 0.010343581641747175,
    "decode_std_avg": 1.07208539415191,
    "num_samples": 500
  },
  "22": {
    "mean_shift": 0.004136240060465278,
    "std_ratio": 0.7593923293897358,
    "prefill_mean_avg": 0.007951728820800781,
    "prefill_std_avg": 1.599419921875,
    "decode_mean_avg": 0.01208796888126606,
    "decode_std_avg": 1.2145872277389287,
    "num_samples": 500
  },
  "23": {
    "mean_shift": 0.003405699923699327,
    "std_ratio": 0.8041810222762658,
    "prefill_mean_avg": 0.009508781433105469,
    "prefill_std_avg": 1.622150390625,
    "decode_mean_avg": 0.012914481356804796,
    "decode_std_avg": 1.3045025674604667,
    "num_samples": 500
  },
  "24": {
    "mean_shift": 0.0045492056043924395,
    "std_ratio": 0.8625219416077183,
    "prefill_mean_avg": 0.012897323608398438,
    "prefill_std_avg": 1.6695,
    "decode_mean_avg": 0.017446529212790877,
    "decode_std_avg": 1.4399803901393051,
    "num_samples": 500
  },
  "25": {
    "mean_shift": 0.004537574308367884,
    "std_ratio": 0.8932525801179306,
    "prefill_mean_avg": 0.01228057861328125,
    "prefill_std_avg": 1.6866875,
    "decode_mean_avg": 0.016818152921649135,
    "decode_std_avg": 1.5066379701601877,
    "num_samples": 500
  },
  "26": {
    "mean_shift": 0.006586773306312223,
    "std_ratio": 0.9557822154283674,
    "prefill_mean_avg": 0.013329452514648437,
    "prefill_std_avg": 1.75033984375,
    "decode_mean_avg": 0.01991622582096066,
    "decode_std_avg": 1.6729437031697394,
    "num_samples": 500
  },
  "27": {
    "mean_shift": 0.007445427767280152,
    "std_ratio": 0.9950975849347022,
    "prefill_mean_avg": 0.01259646224975586,
    "prefill_std_avg": 1.787234375,
    "decode_mean_avg": 0.02004189001703601,