{
  "0": {
    "mean_shift": -0.0025925025045871733,
    "std_ratio": 1.5349566122470863,
    "prefill_mean_avg": 0.0017924575805664063,
    "prefill_std_avg": 0.1654765625,
    "decode_mean_avg": -0.0008000449240207672,
    "decode_std_avg": 0.25399935913085936,
    "num_samples": 500
  },
  "1": {
    "mean_shift": -0.010659287989139558,
    "std_ratio": 2.9278390774457486,
    "prefill_mean_avg": -0.00452581787109375,
    "prefill_std_avg": 0.2601484375,
    "decode_mean_avg": -0.015185105860233307,
    "decode_std_avg": 0.7616727905273437,
    "num_samples": 500
  },
  "2": {
    "mean_shift": -0.006926894187927246,
    "std_ratio": 2.797362955434787,
    "prefill_mean_avg": -0.003050750732421875,
    "prefill_std_avg": 0.258552734375,
    "decode_mean_avg": -0.00997764492034912,
    "decode_std_avg": 0.723265869140625,
    "num_samples": 500
  },
  "3": {
    "mean_shift": -0.6914193305969237,
    "std_ratio": 37.92604979202772,
    "prefill_mean_avg": -0.00618438720703125,
    "prefill_std_avg": 1.6334375,
    "decode_mean_avg": -0.697603717803955,
    "decode_std_avg": 61.94983233642578,
    "num_samples": 500
  },
  "4": {
    "mean_shift": -0.8272342319488526,
    "std_ratio": 37.141096831918674,
    "prefill_mean_avg": -0.00906805419921875,
    "prefill_std_avg": 1.871796875,
    "decode_mean_avg": -0.8363022861480713,
    "decode_std_avg": 69.52058935546874,
    "num_samples": 500
  },
  "5": {
    "mean_shift": -0.8505160474777222,
    "std_ratio": 33.31393860205383,
    "prefill_mean_avg": -0.0176051025390625,
    "prefill_std_avg": 2.12925,
    "decode_mean_avg": -0.8681211500167847,
    "decode_std_avg": 70.9337041015625,
    "num_samples": 500
  },
  "6": {
    "mean_shift": -0.878763557434082,
    "std_ratio": 30.63936680263064,
    "prefill_mean_avg": -0.0261236572265625,
    "prefill_std_avg": 2.36103125,
    "decode_mean_avg": -0.9048872146606445,
    "decode_std_avg": 72.34050280761718,
    "num_samples": 500
  },
  "7": {
    "mean_shift": -0.9029732623100281,
    "std_ratio": 29.173877335061356,
    "prefill_mean_avg": -0.031265625,
    "prefill_std_avg": 2.50815625,
    "decode_mean_avg": -0.934238887310028,
    "decode_std_avg": 73.17264306640625,
    "num_samples": 500
  },
  "8": {
    "mean_shift": -0.9104959044456482,
    "std_ratio": 28.32460338989923,
    "prefill_mean_avg": -0.0336102294921875,
    "prefill_std_avg": 2.60290625,
    "decode_mean_avg": -0.9441061339378357,
    "decode_std_avg": 73.72628747558593,
    "num_samples": 500
  },
  "9": {
    "mean_shift": -0.9433621690571308,
    "std_ratio": 27.89298994936572,
    "prefill_mean_avg": -0.0306627197265625,
    "prefill_std_avg": 2.68053125,
    "decode_mean_avg": -0.9740248887836933,
    "decode_std_avg": 74.76803149414063,
    "num_samples": 500
  },
  "10": {
    "mean_shift": -0.9532596702575684,
    "std_ratio": 27.826919476086594,
    "prefill_mean_avg": -0.0299061279296875,
    "prefill_std_avg": 2.705875,
    "decode_mean_avg": -0.9831657981872559,
    "decode_std_avg": 75.296166015625,
    "num_samples": 500
  },
  "11": {
    "mean_shift": -0.9770935495682059,
    "std_ratio": 25.666360438093633,
    "prefill_mean_avg": -0.0360059814453125,
    "prefill_std_avg": 2.9553125,
    "decode_mean_avg": -1.0130995310135185,
    "decode_std_avg": 75.85211608886719,
    "num_samples": 500
  },
  "12": {
    "mean_shift": -1.001004150599241,
    "std_ratio": 24.064546044787587,
    "prefill_mean_avg": -0.041301513671875,
    "prefill_std_avg": 3.197625,
    "decode_mean_avg": -1.0423056642711162,
    "decode_std_avg": 76.94939428710937,
    "num_samples": 500
  },
  "13": {
    "mean_shift": -1.0117831230892333,
    "std_ratio": 23.290755791325843,
    "prefill_mean_avg": -0.042642822265625,
    "prefill_std_avg": 3.3275625,
    "decode_mean_avg": -1.0544259453548583,
    "decode_std_avg": 77.50144580078126,
    "num_samples": 500
  },
  "14": {
    "mean_shift": -1.0141455771923065,
    "std_ratio": 23.284254915462217,
    "prefill_mean_avg": -0.03943450927734375,
    "prefill_std_avg": 3.32865625,
    "decode_mean_avg": -1.0535800864696503,
    "decode_std_avg": 77.50528088378907,
    "num_samples": 500
  },
  "15": {
    "mean_shift": -1.0214345806837082,
    "std_ratio": 23.142416986772897,
    "prefill_mean_avg": -0.038739990234375,
    "prefill_std_avg": 3.37215625,
    "decode_mean_avg": -1.0601745709180832,
    "decode_std_avg": 78.03984631347656,
    "num_samples": 500
  },
  "16": {
    "mean_shift": -1.0206506716012955,
    "std_ratio": 23.14933404329835,
    "prefill_mean_avg": -0.03903289794921875,
    "prefill_std_avg": 3.37084375,
    "decode_mean_avg": -1.0596835695505142,
    "decode_std_avg": 78.03278820800782,
    "num_samples": 500
  },
  "17": {
    "mean_shift": -1.0222101068496705,
    "std_ratio": 23.222808350750014,
    "prefill_mean_avg": -0.0388070068359375,
    "prefill_std_avg": 3.36040625,
    "decode_mean_avg": -1.061017113685608,
    "decode_std_avg": 78.03807055664062,
    "num_samples": 500
  },
  "18": {
    "mean_shift": -1.015651159763336,
    "std_ratio": 23.21396267020214,
    "prefill_mean_avg": -0.03655621337890625,
    "prefill_std_avg": 3.36278125,
    "decode_mean_avg": -1.0522073731422423,
    "decode_std_avg": 78.06347863769531,
    "num_samples": 500
  },
  "19": {
    "mean_shift": -1.0173223528862,
    "std_ratio": 23.601235718377136,
    "prefill_mean_avg": -0.0322108154296875,
    "prefill_std_avg": 3.30965625,
    "decode_mean_avg": -1.0495331683158875,
    "decode_std_avg": 78.1119775390625,
    "num_samples": 500
  },
  "20": {
    "mean_shift": -1.0254240835905075,
    "std_ratio": 27.91560610708712,
    "prefill_mean_avg": -0.01667474365234375,
    "prefill_std_avg": 2.78015625,
    "decode_mean_avg": -1.0420988272428513,
    "decode_std_avg": 77.6097470703125,
    "num_samples": 500
  },
  "21": {
    "mean_shift": -1.0212669392824174,
    "std_ratio": 27.20765507150177,
    "prefill_mean_avg": -0.0139635009765625,
    "prefill_std_avg": 2.8576875,
    "decode_mean_avg": -1.0352304402589798,
    "decode_std_avg": 77.75097607421876,
    "num_samples": 500
  },
  "22": {
    "mean_shift": -1.0008017137050629,
    "std_ratio": 25.88269784151569,
    "prefill_mean_avg": -0.02583935546875,
    "prefill_std_avg": 3.0109375,
    "decode_mean_avg": -1.0266410691738128,
    "decode_std_avg": 77.93118579101562,
    "num_samples": 500
  },
  "23": {
    "mean_shift": -0.9835289490222932,
    "std_ratio": 24.068593073786158,
    "prefill_mean_avg": -0.013401023864746094,
    "prefill_std_avg": 3.22259375,
    "decode_mean_avg": -0.9969299728870392,
    "decode_std_avg": 77.5632978515625,
    "num_samples": 500
  },
  "24": {
    "mean_shift": -0.9399182815551758,
    "std_ratio": 21.622174783523636,
    "prefill_mean_avg": -0.03324951171875,
    "prefill_std_avg": 3.55034375,
    "decode_mean_avg": -0.9731677932739258,
    "decode_std_avg": 76.7661533203125,
    "num_samples": 500
  },
  "25": {
    "mean_shift": -0.8984497913336382,
    "std_ratio": 18.60015223298845,
    "prefill_mean_avg": -0.02743670654296875,
    "prefill_std_avg": 4.081875,
    "decode_mean_avg": -0.9258864978766069,
    "decode_std_avg": 75.92349658203125,
    "num_samples": 500
  },
  "26": {
    "mean_shift": -0.49542453995347024,
    "std_ratio": 8.435131568655045,
    "prefill_mean_avg": -0.03201390075683594,
    "prefill_std_avg": 4.300375,
    "decode_mean_avg": -0.5274384407103062,
    "decode_std_avg": 36.27422900390625,
    "num_samples": 500
  },
  "27": {
    "mean_shift": -0.062246114969253544,
    "std_ratio": 0.7699370924682184,
    "prefill_mean_avg": 0.05145703125,
    "prefill_std_avg": 4.56225,
    "decode_mean_avg": -0.01078908371925354,
    "decode_std_avg": 3.5126455078125,
    "num_samples": 500
  }
}