{
  "0": {
    "mean_shift": 0.0038422298221357327,
    "std_ratio": 0.04951597584781721,
    "prefill_mean_avg": -0.0033981151580810545,
    "prefill_std_avg": 0.6226484375,
    "decode_mean_avg": 0.000444114664054678,
    "decode_std_avg": 0.030831045488090885,
    "num_samples": 500
  },
  "1": {
    "mean_shift": 0.003657200417820757,
    "std_ratio": 0.02614381935048536,
    "prefill_mean_avg": -0.0029696550369262696,
    "prefill_std_avg": 1.7034765625,
    "decode_mean_avg": 0.0006875453808944874,
    "decode_std_avg": 0.044535383779223975,
    "num_samples": 500
  },
  "2": {
    "mean_shift": 0.0032472626864871014,
    "std_ratio": 0.03656713190764654,
    "prefill_mean_avg": -0.002303254246711731,
    "prefill_std_avg": 1.704876953125,
    "decode_mean_avg": 0.0009440084397753701,
    "decode_std_avg": 0.06234246079689972,
    "num_samples": 500
  },
  "3": {
    "mean_shift": 0.0030666441302591697,
    "std_ratio": 0.04988722757367374,
    "prefill_mean_avg": -0.001541857123374939,
    "prefill_std_avg": 1.70306640625,
    "decode_mean_avg": 0.0015247870068842307,
    "decode_std_avg": 0.08496126188054472,
    "num_samples": 500
  },
  "4": {
    "mean_shift": 0.0029731161300567367,
    "std_ratio": 0.06431543006112496,
    "prefill_mean_avg": -0.0009194753170013428,
    "prefill_std_avg": 1.707365234375,
    "decode_mean_avg": 0.0020536408130553937,
    "decode_std_avg": 0.10980992996339585,
    "num_samples": 500
  },
  "5": {
    "mean_shift": 0.002420559344850365,
    "std_ratio": 0.07801174435003187,
    "prefill_mean_avg": -0.0003604837656021118,
    "prefill_std_avg": 1.70436328125,
    "decode_mean_avg": 0.0020600755792482533,
    "decode_std_avg": 0.1329603533565739,
    "num_samples": 500
  },
  "6": {
    "mean_shift": 0.0031370217305933647,
    "std_ratio": 0.09329507054447818,
    "prefill_mean_avg": -0.00023050522804260253,
    "prefill_std_avg": 1.701818359375,
    "decode_mean_avg": 0.0029065165025507623,
    "decode_std_avg": 0.15877126482472945,
    "num_samples": 500
  },
  "7": {
    "mean_shift": 0.0036202476508533947,
    "std_ratio": 0.10799424400683229,
    "prefill_mean_avg": -0.00032919108867645263,
    "prefill_std_avg": 1.70037109375,
    "decode_mean_avg": 0.0032910565621769423,
    "decode_std_avg": 0.18363029188054425,
    "num_samples": 500
  },
  "8": {
    "mean_shift": 0.004338145815773344,
    "std_ratio": 0.12416424288908032,
    "prefill_mean_avg": -5.4463982582092286e-05,
    "prefill_std_avg": 1.70003125,
    "decode_mean_avg": 0.004283681833191251,
    "decode_std_avg": 0.21108309428566926,
    "num_samples": 500
  },
  "9": {
    "mean_shift": 0.0048201817162663125,
    "std_ratio": 0.14282796827996033,
    "prefill_mean_avg": 0.000503614068031311,
    "prefill_std_avg": 1.70073828125,
    "decode_mean_avg": 0.0053237957842976235,
    "decode_std_avg": 0.24291299471516892,
    "num_samples": 500
  },
  "10": {
    "mean_shift": 0.004325287912618291,
    "std_ratio": 0.16057441042793227,
    "prefill_mean_avg": 0.0011243126392364502,
    "prefill_std_avg": 1.70357421875,
    "decode_mean_avg": 0.005449600551854741,
    "decode_std_avg": 0.2735504274017507,
    "num_samples": 500
  },
  "11": {
    "mean_shift": 0.004622380835654624,
    "std_ratio": 0.1789981109006521,
    "prefill_mean_avg": 0.0014892419576644897,
    "prefill_std_avg": 1.704623046875,
    "decode_mean_avg": 0.006111622793319114,
    "decode_std_avg": 0.3051243069783198,
    "num_samples": 500
  },
  "12": {
    "mean_shift": 0.002768503874488457,
    "std_ratio": 0.1946743985192334,
    "prefill_mean_avg": 0.0026346602439880373,
    "prefill_std_avg": 1.70651171875,
    "decode_mean_avg": 0.0054031641184764945,
    "decode_std_avg": 0.33221414436042346,
    "num_samples": 500
  },
  "13": {
    "mean_shift": 0.0010207996561644324,
    "std_ratio": 0.2208950114971013,
    "prefill_mean_avg": 0.003462364435195923,
    "prefill_std_avg": 1.712671875,
    "decode_mean_avg": 0.0044831640913603555,
    "decode_std_avg": 0.3783206757278372,
    "num_samples": 500
  },
  "14": {
    "mean_shift": 0.0018825489496565179,
    "std_ratio": 0.24510476518403695,
    "prefill_mean_avg": 0.003301887392997742,
    "prefill_std_avg": 1.714529296875,
    "decode_mean_avg": 0.00518443634265426,
    "decode_std_avg": 0.42023930316274655,
    "num_samples": 500
  },
  "15": {
    "mean_shift": 0.0014628720330421658,
    "std_ratio": 0.28126303342598974,
    "prefill_mean_avg": 0.0039519772529602055,
    "prefill_std_avg": 1.72218359375,
    "decode_mean_avg": 0.005414849286002371,
    "decode_std_avg": 0.4843865845072277,
    "num_samples": 500
  },
  "16": {
    "mean_shift": 0.0007115500825491845,
    "std_ratio": 0.33340767987889874,
    "prefill_mean_avg": 0.005531460285186768,
    "prefill_std_avg": 1.7360078125,
    "decode_mean_avg": 0.006243010367735952,
    "decode_std_avg": 0.578798340351344,
    "num_samples": 500
  },
  "17": {
    "mean_shift": 0.0016409664656072773,
    "std_ratio": 0.3766137332446594,
    "prefill_mean_avg": 0.004992169380187988,
    "prefill_std_avg": 1.744423828125,
    "decode_mean_avg": 0.0066331358457952655,
    "decode_std_avg": 0.6569739740372337,
    "num_samples": 500
  },
  "18": {
    "mean_shift": 0.0028689742627538324,
    "std_ratio": 0.43000612556125767,
    "prefill_mean_avg": 0.006082231879234314,
    "prefill_std_avg": 1.760025390625,
    "decode_mean_avg": 0.008951206141988147,
    "decode_std_avg": 0.7568217034121566,
    "num_samples": 500
  },
  "19": {
    "mean_shift": 0.001334666832416018,
    "std_ratio": 0.47907447174714496,
    "prefill_mean_avg": 0.008019552230834961,
    "prefill_std_avg": 1.778052734375,
    "decode_mean_avg": 0.00935421906325098,
    "decode_std_avg": 0.8518196792500146,
    "num_samples": 500
  },
  "20": {
    "mean_shift": 0.0026352522030492105,
    "std_ratio": 0.5450071405936145,
    "prefill_mean_avg": 0.008313017845153809,
    "prefill_std_avg": 1.798349609375,
    "decode_mean_avg": 0.01094827004820302,
    "decode_std_avg": 0.9801133838431838,
    "num_samples": 500
  },
  "21": {
    "mean_shift": 0.0009123515090336577,
    "std_ratio": 0.5980060692881022,
    "prefill_mean_avg": 0.0086802978515625,
    "prefill_std_avg": 1.81219921875,
    "decode_mean_avg": 0.009592649360596157,
    "decode_std_avg": 1.0837061375517179,
    "num_samples": 500
  },
  "22": {
    "mean_shift": 0.001644123216515853,
    "std_ratio": 0.662413010878243,
    "prefill_mean_avg": 0.009722484588623046,
    "prefill_std_avg": 1.844828125,
    "decode_mean_avg": 0.011366607805138899,
    "decode_std_avg": 1.2220381594582437,
    "num_samples": 500
  },
  "23": {
    "mean_shift": 0.0010296111397313183,
    "std_ratio": 0.7033775573673771,
    "prefill_mean_avg": 0.011367599487304687,
    "prefill_std_avg": 1.8648671875,
    "decode_mean_avg": 0.012397210627036005,
    "decode_std_avg": 1.311705734192096,
    "num_samples": 500
  },
  "24": {
    "mean_shift": 0.002079125369981616,
    "std_ratio": 0.7575233024243739,
    "prefill_mean_avg": 0.014527389526367188,
    "prefill_std_avg": 1.9033515625,
    "decode_mean_avg": 0.016606514896348804,
    "decode_std_avg": 1.4418331688748252,
    "num_samples": 500
  },
  "25": {
    "mean_shift": 0.0021922477325354815,
    "std_ratio": 0.7907597911553729,
    "prefill_mean_avg": 0.014531425476074219,
    "prefill_std_avg": 1.921376953125,
    "decode_mean_avg": 0.0167236732086097,
    "decode_std_avg": 1.5193476460914694,
    "num_samples": 500
  },
  "26": {
    "mean_shift": 0.004435274051954711,
    "std_ratio": 0.8493429900533653,
    "prefill_mean_avg": 0.015957878112792968,
    "prefill_std_avg": 1.970380859375,
    "decode_mean_avg": 0.02039315216474768,
    "decode_std_avg": 1.673529179138912,
    "num_samples": 500
  },
  "27": {
    "mean_shift": 0.004566162793809534,
    "std_ratio": 0.8906428516459037,
    "prefill_mean_avg": 0.016040481567382813,
    "prefill_std_avg": 2.002693359375,
    "decode_mean_avg": 0.020606644361192347,