{
  "0": {
    "mean_shift": -0.001009533703327179,
    "std_ratio": 1.2299697623632178,
    "prefill_mean_avg": 0.0002960354089736938,
    "prefill_std_avg": 0.1960009765625,
    "decode_mean_avg": -0.0007134982943534851,
    "decode_std_avg": 0.24107528686523438,
    "num_samples": 200
  },
  "1": {
    "mean_shift": -0.01911193370819092,
    "std_ratio": 3.8208512298383015,
    "prefill_mean_avg": -0.004045562744140625,
    "prefill_std_avg": 0.27126953125,
    "decode_mean_avg": -0.023157496452331543,
    "decode_std_avg": 1.0364805603027343,
    "num_samples": 200
  },
  "2": {
    "mean_shift": -0.011098216176033019,
    "std_ratio": 2.7589280290963463,
    "prefill_mean_avg": -0.005108718872070313,
    "prefill_std_avg": 0.3322265625,
    "decode_mean_avg": -0.016206935048103333,
    "decode_std_avg": 0.9165892028808593,
    "num_samples": 200
  },
  "3": {
    "mean_shift": -1.2015358686447142,
    "std_ratio": 240.96966201338435,
    "prefill_mean_avg": -0.003963794708251953,
    "prefill_std_avg": 0.44658203125,
    "decode_mean_avg": -1.2054996633529662,
    "decode_std_avg": 107.61272354125977,
    "num_samples": 200
  },
  "4": {
    "mean_shift": -1.4253729808330535,
    "std_ratio": 243.25691850265156,
    "prefill_mean_avg": -0.0032367026805877686,
    "prefill_std_avg": 0.495048828125,
    "decode_mean_avg": -1.4286096835136413,
    "decode_std_avg": 120.42405487060547,
    "num_samples": 200
  },
  "5": {
    "mean_shift": -1.4761983489990236,
    "std_ratio": 207.28049884071433,
    "prefill_mean_avg": -0.006538047790527344,
    "prefill_std_avg": 0.59287109375,
    "decode_mean_avg": -1.4827363967895508,
    "decode_std_avg": 122.89061813354492,
    "num_samples": 200
  },
  "6": {
    "mean_shift": -1.538465673327446,
    "std_ratio": 178.78226819390682,
    "prefill_mean_avg": -0.005837895274162293,
    "prefill_std_avg": 0.70109375,
    "decode_mean_avg": -1.5443035686016082,
    "decode_std_avg": 125.34313262939453,
    "num_samples": 200
  },
  "7": {
    "mean_shift": -1.5828801748156547,
    "std_ratio": 148.86272305330243,
    "prefill_mean_avg": -0.007472020983695984,
    "prefill_std_avg": 0.85185546875,
    "decode_mean_avg": -1.5903521957993507,
    "decode_std_avg": 126.80952621459961,
    "num_samples": 200
  },
  "8": {
    "mean_shift": -1.6059566289186478,
    "std_ratio": 136.4360896998232,
    "prefill_mean_avg": -0.0074860271811485295,
    "prefill_std_avg": 0.936640625,
    "decode_mean_avg": -1.6134426560997963,
    "decode_std_avg": 127.79158569335938,
    "num_samples": 200
  },
  "9": {
    "mean_shift": -1.6722345616528764,
    "std_ratio": 142.47724070611204,
    "prefill_mean_avg": -0.0025534129142761233,
    "prefill_std_avg": 0.9108984375,
    "decode_mean_avg": -1.6747879745671526,
    "decode_std_avg": 129.78229736328126,
    "num_samples": 200
  },
  "10": {
    "mean_shift": -1.691887783408165,
    "std_ratio": 138.9427383143694,
    "prefill_mean_avg": -0.0060700708627700805,
    "prefill_std_avg": 0.941015625,
    "decode_mean_avg": -1.697957854270935,
    "decode_std_avg": 130.74728912353515,
    "num_samples": 200
  },
  "11": {
    "mean_shift": -1.7462316635809838,
    "std_ratio": 136.12024876528787,
    "prefill_mean_avg": -0.00563800610601902,
    "prefill_std_avg": 0.96798828125,
    "decode_mean_avg": -1.7518696696870029,
    "decode_std_avg": 131.76280700683594,
    "num_samples": 200
  },
  "12": {
    "mean_shift": -1.799415945485234,
    "std_ratio": 131.93054896813874,
    "prefill_mean_avg": -0.006121757328510284,
    "prefill_std_avg": 1.01357421875,
    "decode_mean_avg": -1.8055377028137445,
    "decode_std_avg": 133.72140441894533,
    "num_samples": 200
  },
  "13": {
    "mean_shift": -1.8212258579349145,
    "std_ratio": 124.96833122639778,
    "prefill_mean_avg": -0.007419723272323609,
    "prefill_std_avg": 1.07787109375,
    "decode_mean_avg": -1.8286455812072382,
    "decode_std_avg": 134.69975311279296,
    "num_samples": 200
  },
  "14": {
    "mean_shift": -1.8310318154469132,
    "std_ratio": 122.53380942336047,
    "prefill_mean_avg": -0.005302519798278809,
    "prefill_std_avg": 1.09935546875,
    "decode_mean_avg": -1.836334335245192,
    "decode_std_avg": 134.7082147216797,
    "num_samples": 200
  },
  "15": {
    "mean_shift": -1.846764239501208,
    "std_ratio": 119.62044941119103,
    "prefill_mean_avg": -0.004967891350388527,
    "prefill_std_avg": 1.134296875,
    "decode_mean_avg": -1.8517321308515966,
    "decode_std_avg": 135.68510314941406,
    "num_samples": 200
  },
  "16": {
    "mean_shift": -1.8437759415060282,
    "std_ratio": 116.53077146380578,
    "prefill_mean_avg": -0.00818049132823944,
    "prefill_std_avg": 1.164375,
    "decode_mean_avg": -1.8519564328342677,
    "decode_std_avg": 135.68551818847655,
    "num_samples": 200
  },
  "17": {
    "mean_shift": -1.8443257997743785,
    "std_ratio": 113.88356792304536,
    "prefill_mean_avg": -0.007544047832489013,
    "prefill_std_avg": 1.1914453125,
    "decode_mean_avg": -1.8518698476068676,
    "decode_std_avg": 135.68604431152343,
    "num_samples": 200
  },
  "18": {
    "mean_shift": -1.8388400154164992,
    "std_ratio": 107.42513155247151,
    "prefill_mean_avg": -0.005460898280143738,
    "prefill_std_avg": 1.2630859375,
    "decode_mean_avg": -1.844300913696643,
    "decode_std_avg": 135.68717407226563,
    "num_samples": 200
  },
  "19": {
    "mean_shift": -1.8378227016329765,
    "std_ratio": 98.36791974110987,
    "prefill_mean_avg": -0.00640796422958374,
    "prefill_std_avg": 1.3794140625,
    "decode_mean_avg": -1.8442306658625602,
    "decode_std_avg": 135.6900927734375,
    "num_samples": 200
  },
  "20": {
    "mean_shift": -1.8140987323224544,
    "std_ratio": 87.05918897581279,
    "prefill_mean_avg": -0.007068173885345459,
    "prefill_std_avg": 1.547421875,
    "decode_mean_avg": -1.8211669062078,
    "decode_std_avg": 134.71729431152343,
    "num_samples": 200
  },
  "21": {
    "mean_shift": -1.8139662680402397,
    "std_ratio": 71.05700961244835,
    "prefill_mean_avg": -0.007045388221740723,
    "prefill_std_avg": 1.8959765625,
    "decode_mean_avg": -1.8210116562619805,
    "decode_std_avg": 134.7224255371094,
    "num_samples": 200
  },
  "22": {
    "mean_shift": -1.7991082605347037,
    "std_ratio": 58.31266776971386,
    "prefill_mean_avg": -0.014324555397033692,
    "prefill_std_avg": 2.3103125,
    "decode_mean_avg": -1.8134328159317374,
    "decode_std_avg": 134.72048583984375,
    "num_samples": 200
  },
  "23": {
    "mean_shift": -1.7671109099779279,
    "std_ratio": 46.57136926436696,
    "prefill_mean_avg": -0.007568814754486084,
    "prefill_std_avg": 2.871796875,
    "decode_mean_avg": -1.774679724732414,
    "decode_std_avg": 133.74351318359376,
    "num_samples": 200
  },
  "24": {
    "mean_shift": -1.7145461462438107,
    "std_ratio": 36.784660456274274,
    "prefill_mean_avg": -0.029438018798828125,
    "prefill_std_avg": 3.583125,
    "decode_mean_avg": -1.7439841650426389,
    "decode_std_avg": 131.80403686523437,
    "num_samples": 200
  },
  "25": {
    "mean_shift": -1.6359805946052075,
    "std_ratio": 29.869368842707562,
    "prefill_mean_avg": -0.02336195468902588,
    "prefill_std_avg": 4.346640625,
    "decode_mean_avg": -1.6593425492942333,
    "decode_std_avg": 129.83141235351562,
    "num_samples": 200
  },
  "26": {
    "mean_shift": -0.9927027189731599,
    "std_ratio": 11.397689540320863,
    "prefill_mean_avg": -0.021906347274780275,
    "prefill_std_avg": 5.18515625,
    "decode_mean_avg": -1.0146090662479401,
    "decode_std_avg": 59.09880126953125,
    "num_samples": 200
  },
  "27": {
    "mean_shift": -0.067289160490036,
    "std_ratio": 0.5349164717075355,
    "prefill_mean_avg": 0.06404273986816406,
    "prefill_std_avg": 4.86953125,
    "decode_mean_avg": -0.0032464206218719483,
    "decode_std_avg": 2.60479248046875,
    "num_samples": 200
  }
}